model_name,original_name,pathogen,name,n_compounds,n_positives,n_added_negatives,n_added_decoys,auroc_mean,auroc_std,auprc_mean,auprc_std,baseline_auprc_mean,baseline_auprc_std,bedroc_mean,bedroc_std,baseline_bedroc_mean,baseline_bedroc_std,w1,w2,w3,w4,w5,w6,w_screen,final_weight,final_normalized_weight,decision_cutoff_rank,screening_auc,sensitivity_at_cutoff,portfolio,model_size_total_mb,oof_auc_cddd_mean,oof_auc_cddd_std,oof_auc_chemeleon_mean,oof_auc_chemeleon_std,oof_auc_clamp_mean,oof_auc_clamp_std,oof_auc_morgan_mean,oof_auc_morgan_std,oof_auc_rdkit_mean,oof_auc_rdkit_std
chembl_single_point_0,SP_catchall,abaumannii,SP_catchall,432,56,0,0,0.9573,0.0215,0.8052,0.1009,0.1296,0.0047,0.8482,0.0943,0.1401,0.0041,1.0,0.8578,0.6777,0.6925,0.0922,0.0075,0.8003,0.5897,11.1574,0.65,0.9401,0.7679,LR;RF;SVC;XGB,7.098,,,0.9291,0.0108,0.9206,0.0053,0.9577,,0.9159,0.0165
chembl_dose_response_0,DR_0001,abaumannii,DR_0001,1937,259,0,0,0.9707,0.0075,0.8383,0.0308,0.1337,0.0011,0.8834,0.0301,0.1436,0.0009,1.0,0.9025,0.6994,0.718,0.276,0.253,0.9107,0.6799,12.864,0.65,0.9732,0.8649,LR;RF;SVC;XGB,4.333,,,0.965,0.0035,0.9671,0.002,,,0.9524,0.0049
chembl_dose_response_1,DR_0002,abaumannii,DR_0002,1236,128,0,0,0.9363,0.0442,0.8172,0.0435,0.1036,0.0022,0.8784,0.0247,0.1185,0.0017,1.0,0.7878,0.7808,0.7873,0.2566,0.0975,0.8997,0.6585,12.4591,0.65,0.9699,0.9219,LR;RF;SVC;XGB,3.224,,,0.9519,0.0115,0.9628,,0.9561,0.0127,0.9478,
chembl_dose_response_2,DR_0000,abaumannii,DR_0000,1010,381,0,0,0.9622,0.0084,0.9499,0.0084,0.3772,0.0022,0.9968,0.0015,0.3774,0.0022,1.0,0.8739,0.5441,0.5886,0.2503,0.2937,0.808,0.6227,11.7817,0.65,0.9424,0.8635,LR;RF;SVC;XGB,6.377,,,0.9442,0.0017,0.9502,0.0028,0.9522,0.0055,,
chembl_dose_response_3,DR_0003,abaumannii,DR_0003,657,201,0,0,0.8881,0.0451,0.8114,0.065,0.3059,0.0028,0.9093,0.0626,0.3066,0.0028,1.0,0.627,0.4559,0.5438,0.1547,0.1888,0.7533,0.5319,10.0638,0.65,0.926,0.7811,LR;RF;SVC;XGB,8.351,,,0.8553,0.0163,0.8729,0.0094,,,0.873,
chembl_dose_response_4,DR_0004,abaumannii,DR_0004,503,122,0,0,0.9365,0.0369,0.8338,0.0797,0.2425,0.0047,0.8816,0.0737,0.2445,0.0045,1.0,0.7884,0.5257,0.5664,0.1119,0.09,0.88,0.5661,10.7108,0.65,0.964,0.9016,LR;RF;SVC;XGB,5.067,,,0.9338,0.0147,0.9222,0.0145,,,0.9406,0.0247
chembl_dose_response_5,DR_0005,abaumannii,DR_0005,388,143,0,0,0.9021,0.0433,0.8539,0.0572,0.3685,0.0045,0.9575,0.039,0.3688,0.0044,1.0,0.6737,0.4575,0.555,0.08,0.1163,0.7733,0.5223,9.8821,0.65,0.932,0.7203,LR;RF;SVC;XGB,2.986,,,0.8818,0.0178,,,,,,
chembl_dose_response_6,DR_0006,abaumannii,DR_0006,233,54,0,0,0.9447,0.0493,0.9298,0.0437,0.2317,0.0083,0.9909,0.0052,0.234,0.008,1.0,0.8158,0.6217,0.6738,0.0369,0.005,0.7763,0.5614,10.6219,0.65,0.9329,0.9074,LR;RF;SVC;XGB,4.847,,,0.9509,0.0159,0.9694,0.0158,0.9665,0.0106,0.9187,0.0245
chembl_dose_response_7,DR_0007,abaumannii,DR_0007,101,29,0,0,0.9619,0.0515,0.9545,0.0555,0.2871,0.0217,0.9963,0.0048,0.2881,0.0212,1.0,0.8731,0.5972,0.634,0.0003,0.0,0.765,0.5528,10.4592,0.65,0.9295,0.8966,LR;RF;SVC;XGB,1.994,,,0.9388,0.0136,0.9506,0.0097,,,0.9579,0.0114
