name,type,direction,description
consensus_score,float,high,Quality-weighted consensus across the 9 sub-models on the same rank scale as the sub-models. Calibrated against a reference library of 50K drug-like molecules so that a score of 0.65 is better than 99% of them. Recommended threshold: 0.65.
chembl_single_point_0,float,high,Probability from sub-model trained on ChEMBL single-point low-data catch-all pool of 41 assays (432 compounds). Recommended threshold: 0.65.
chembl_dose_response_0,float,high,Probability from sub-model trained on ChEMBL dose-response signal-based pool of 182 assays (1937 compounds). Recommended threshold: 0.65.
chembl_dose_response_1,float,high,Probability from sub-model trained on ChEMBL dose-response signal-based pool of 126 assays (1236 compounds). Recommended threshold: 0.65.
chembl_dose_response_2,float,high,Probability from sub-model trained on ChEMBL dose-response signal-based pool of 97 assays (1010 compounds). Recommended threshold: 0.65.
chembl_dose_response_3,float,high,Probability from sub-model trained on ChEMBL dose-response signal-based pool of 73 assays (657 compounds). Recommended threshold: 0.65.
chembl_dose_response_4,float,high,Probability from sub-model trained on ChEMBL dose-response signal-based pool of 36 assays (503 compounds). Recommended threshold: 0.65.
chembl_dose_response_5,float,high,Probability from sub-model trained on ChEMBL dose-response signal-based pool of 35 assays (388 compounds). Recommended threshold: 0.65.
chembl_dose_response_6,float,high,Probability from sub-model trained on ChEMBL dose-response signal-based pool of 45 assays (233 compounds). Recommended threshold: 0.65.
chembl_dose_response_7,float,high,Probability from sub-model trained on ChEMBL dose-response signal-based pool of 3 assays (101 compounds). Recommended threshold: 0.65.
